Data;Fabricante do Hob;Revestimento;Fabricante;Avanço mm/rev.;Rotação RPM;Vc m/min;Shifting mm;Sub-Shift mm;CT (S);Quantidade de pçs por afiação Target 1950;dureza sup;dureza nuc
2025-11-11 00:00:00;S.U.;Alcrona Pro;Balzers;1.7;300;84.78;10;0.6666666666666666;46,6;1200;;
2025-11-13 00:00:00;S.U.;Alcrona Evo;Balzers;1.7;300;84.78;10;0.6666666666666666;46,6;1000;;
2025-11-14 00:00:00;S.U.;Alcrona Pro;Balzers;1.7;300;84.78;11;0.7333333333333333;46,6;;;
2025-11-17 00:00:00;S.U.;Alcrona Pro;Balzers;2;510;144.126;10;0.6666666666666666;25.733333333333334;1644;97.5;95.5
2025-11-18 00:00:00;Nidec;Alcrona Evo;Balzers;2;510;144.126;11.4;0.8769230769230769;25.733333333333334;1500;94.5;94.0
2025-11-19 00:00:00;SU;Alcrona Pro;Balzers;2;510;144.126;11.4;0.8769230769230769;25.733333333333334;1440;96.5;95.5
2025-11-20 00:00:00;SU;Alcrona Pro;Balzers;2;510;144.126;11.4;0.8769230769230769;25.733333333333334;1900;;
2025-11-22 00:00:00;SU;Alcrona Evo;Balzers;2;510;144.126;11.4;0.8769230769230769;25.733333333333334;1329;;
2021-11-25 00:00:00;SU;Alcrona Evo;Balzers;2;510;144.126;11.4;0.8769230769230769;25.733333333333334;1923;;
2025-11-25 00:00:00;SU;Alcrona Evo;Balzers;2;510;144.126;11.4;0.8769230769230769;25.733333333333334;1968;;
2025-11-26 00:00:00;SU;Alcrona Evo;Balzers;2;510;144.126;11.4;0.8769230769230769;25.733333333333334;1521;98.25;97.5
2025-11-27 00:00:00;SU;Alcrona Evo;Balzers;2;510;144.126;11.4;0.8769230769230769;25.733333333333334;1257;;
2025-11-28 00:00:00;SU;Alcrona Evo;Balzers;2;510;144.126;11.4;0.8769230769230769;25.733333333333334;1212;;
2025-11-29 00:00:00;SU;Alcrona Evo;Balzers;2;510;144.126;11.4;0.8769230769230769;25.733333333333334;1341;96.0;94.65
2025-12-01 00:00:00;SU;Alcrona Pro;Balzers;2;510;144.126;11.4;0.8769230769230769;25.733333333333334;1329;97.0;96.0
2025-12-02 00:00:00;SU;Alcrona Evo;Balzers;2;510;144.126;11.4;0.8769230769230769;25.733333333333334;966;99.67;98.8
2025-12-03 00:00:00;SU;Alcrona Evo;Balzers;1.4;320;90.432;11.4;0.8769230769230769;52;;;
2025-12-04 00:00:00;SU;Alcrona Evo;Balzers;1.4;320;90.432;11.4;0.8769230769230769;52;675;96.45;95.4
2025-12-05 00:00:00;SU;Alcrona Evo;Balzers;1.4;320;90.432;11.4;0.8769230769230769;52.666666666666664;966;93.1;97.25
2025-12-06 00:00:00;SU;Alcrona Pro;Balzers;1.4;320;90.432;11.4;0.8769230769230769;52.666666666666664;1074;100.0;100.0
2025-12-07 00:00:00;SU;Alcrona Pro;Balzers;1.4;320;90.432;11.4;0.8769230769230769;52.666666666666664;0;;
2025-12-08 00:00:00;SU;Alcrona Pro;Balzers;1.4;320;90.432;11.4;0.8769230769230769;52.666666666666664;0;;
2025-12-09 00:00:00;SU;Alcrona Pro;Balzers;1.4;320;90.432;11.4;0.8769230769230769;52.666666666666664;357;;
2025-12-10 00:00:00;SU;Alcrona Pro;Balzers;1.4;320;90.432;11.4;0.8769230769230769;52.666666666666664;1056;;
2025-12-11 00:00:00;SU;Alcrona Pro;Balzers;1.4;320;90.432;11.4;0.8769230769230769;52.666666666666664;618;100.0;100.0
2025-12-12 00:00:00;SU;Alcrona Evo;Balzers;1.4;320;90.432;11.4;0.8769230769230769;52.666666666666664;1287;100.0;94.85
2025-12-13 00:00:00;SU;Alcrona Pro;Balzers;1.4;320;90.432;11.4;0.8769230769230769;52.666666666666664;918;;
2025-12-15 00:00:00;SU;Alcrona Evo;Balzers;1.4;320;90.432;;;52.666666666666664;1092;100.0;65.6
2025-12-16 00:00:00;SU;Alcrona Pro;Balzers;1.4;320;90.432;11.4;0.8769230769230769;52.666666666666664;750;97.75;95.5
2025-12-17 00:00:00;SU;Alcrona Evo;Balzers;1.4;320;90.432;11.4;0.8769230769230769;52.666666666666664;;94.3;98.45
2025-12-18 00:00:00;SU;Alcrona Evo;Balzers;1.4;320;90.432;11.4;0.8769230769230769;52.666666666666664;962;94.3;98.45
2025-12-19 00:00:00;SU;Alcrona Evo;Balzers;1.4;320;90.432;11.4;0.8769230769230769;52.666666666666664;927;100.0;95.45
2025-12-20 00:00:00;SU;Alcrona Pro;Balzers;1.4;320;90.432;11.4;0.8769230769230769;52.666666666666664;711;100.0;100.0
2025-12-22 00:00:00;SU;Alcrona Evo;Balzers;1.4;320;90.432;11.4;0.8769230769230769;52.666666666666664;1800;95.35;90.85
2025-12-23 00:00:00;SU;Alcrona Evo;Balzers;1.4;320;90.432;11.4;0.8769230769230769;52.666666666666664;1257;;
2025-12-24 00:00:00;SU;Alcrona Evo;Balzers;1.4;320;90.432;11.4;0.8769230769230769;52.666666666666664;945;97.25;94.7
2026-01-03 00:00:00;SU;Alcrona Evo;Balzers;1.4;320;90.432;11.4;0.8769230769230769;52.666666666666664;1374;97.25;91.5
2026-01-06 00:00:00;SU;Alcrona Evo;Balzers;1.4;320;90.432;11.4;0.8769230769230769;52.666666666666664;1356;97.15;93.8
2026-01-07 00:00:00;SU;Alcrona Evo;Balzers;1.4;320;90.432;11.4;0.8769230769230769;52.666666666666664;1224;97.8;94.5
2026-01-09 00:00:00;SU;Alcrona Evo;Balzers;1.4;320;90.432;11.4;0.8769230769230769;52.666666666666664;1524;100.0;96.05
2026-01-10 00:00:00;SU;Alcrona Evo;Balzers;1.4;320;90.432;11.4;0.8769230769230769;52.666666666666664;1332;99.0;94.5
2026-01-12 00:00:00;SU;Alcrona Pro;Balzers;1.4;320;90.432;11.4;0.8769230769230769;52.666666666666664;1503;98.75;96.5
2026-01-13 00:00:00;SU;Alcrona Pro;Balzers;1.4;320;90.432;11.4;0.8769230769230769;52.666666666666664;1492;99.0;95.65
2026-01-15 00:00:00;SU;Alcrona Pro;Balzers;1.4;320;90.432;11.4;0.8769230769230769;52.666666666666664;1659;;
2026-01-16 00:00:00;SU;Alcrona Pro;Balzers;1.4;320;90.432;11.4;0.8769230769230769;52.666666666666664;;;
2026-01-18 00:00:00;SU;Alcrona Pro;Balzers;1.4;320;90.432;11.4;0.8769230769230769;52.666666666666664;2592;89.2;94.3
2026-01-19 00:00:00;SU;Alcrona Evo;Balzers;1.4;320;90.432;11.4;0.8769230769230769;52.666666666666664;1812;81.8;94.3
2026-01-20 00:00:00;SU;Alcrona Pro;Balzers;1.4;320;90.432;11.4;0.8769230769230769;52.666666666666664;;;
2026-01-21 00:00:00;SU;Alcrona Pro;Balzers;1.4;320;90.432;11.4;0.8769230769230769;52.666666666666664;2439;94.2;95.32
2026-01-22 00:00:00;SU;Alcrona Pro;Balzers;1.4;320;90.432;11.4;0.8769230769230769;52.666666666666664;300;;
2026-01-23 00:00:00;SU;Alcrona Pro;Balzers;2;390;110.21400000000001;11.4;0.8769230769230769;32.6;1383;94.45;96.85
;SU;Alcrona Evo;Balzers;2;390;110.21400000000001;11.4;0.8769230769230769;32.6;¯;;
2026-01-24 00:00:00;SU;Alcrona Evo;Balzers;2;390;110.21400000000001;11.4;0.8769230769230769;32.6;2713;95.55;93.95
;SU;Alcrona Evo;Balzers;2;390;110.21400000000001;11.4;0.8769230769230769;32.6;¯;;
2026-01-25 00:00:00;SU;Alcrona Evo;Balzers;2;390;110.21400000000001;11.4;0.8769230769230769;32.6;2209;94.55;95.4
2026-01-26 00:00:00;SU;Alcrona Evo;Balzers;2;390;110.21400000000001;11.4;0.8769230769230769;32.6;¯;;
2026-01-27 00:00:00;SU;Alcrona Evo;Balzers;2;390;110.21400000000001;11.4;0.8769230769230769;32.6;1926;94.55;91.1
2026-01-28 00:00:00;SU;Alcrona Evo;Balzers;2;390;110.21400000000001;11.4;0.8769230769230769;32.6;1584;91.55;96.3
2026-01-29 00:00:00;SU;Alcrona Pro;Balzers;2;390;110.21400000000001;11.4;0.8769230769230769;32.6;1491;;
2026-01-29 00:00:00;SU;Alcrona Evo;Balzers;2;390;110.21400000000001;11.4;0.8769230769230769;32.6;¯;;
2026-01-30 00:00:00;SU;Alcrona Evo;Balzers;2;390;110.21400000000001;11.4;0.8769230769230769;32.6;2454;97.65;97.25
2026-01-31 00:00:00;SU;Alcrona Evo;Balzers;2;390;110.21400000000001;11.4;0.8769230769230769;32.6;¯;;
2026-02-02 00:00:00;SU;Alcrona Evo;Balzers;2;390;110.21400000000001;11.4;0.8769230769230769;32.6;1833;96.0;97.45
2026-02-02 00:00:00;SU;Alcrona Evo;Balzers;2;390;110.21400000000001;11.4;0.8769230769230769;32.6;¯;;
2026-02-03 00:00:00;SU;Alcrona Evo;Balzers;2;390;110.21400000000001;11.4;0.8769230769230769;32.6;1995;96.1;93.65
2026-02-03 00:00:00;SU;Alcrona Pro;Balzers;2;390;110.21400000000001;11.4;0.8769230769230769;32.6;¯;;
2026-02-04 00:00:00;SU;Alcrona Pro;Balzers;2;390;110.21400000000001;11.4;0.8769230769230769;32.6;1551;100.0;96.4
2026-02-04 00:00:00;SU;Alcrona Evo;Balzers;2;390;110.21400000000001;11.4;0.8769230769230769;32.6;¯;;
2026-02-05 00:00:00;SU;Alcrona Evo;Balzers;2;390;110.21400000000001;11.4;0.8769230769230769;32.6;1677;95.35;92.4
2026-02-05 00:00:00;SU;Alcrona Pro;Balzers;2;390;110.21400000000001;11.4;0.8769230769230769;32.6;1174;100.0;98.3
2026-02-05 00:00:00;SU;Alcrona Evo;Balzers;2;390;110.21400000000001;11.4;0.8769230769230769;32.6;¯;;
2026-02-06 00:00:00;SU;Alcrona Evo;Balzers;2;390;110.21400000000001;11.4;0.8769230769230769;32.6;912;100.0;97.0
2026-02-06 00:00:00;SU;Alcrona Evo;Balzers;2;390;110.21400000000001;11.4;0.8769230769230769;32.6;792;99.0;96.2
2026-02-06 00:00:00;SU;Alcrona Pro;Balzers;2;390;110.21400000000001;11.4;0.8769230769230769;32.6;¯;;
2026-02-07 00:00:00;SU;Alcrona Pro;Balzers;2;390;110.21400000000001;11.4;0.8769230769230769;32.6;2121;95.3;95.3
2026-02-08 00:00:00;SU;Alcrona Pro;Balzers;2;390;110.21400000000001;11.4;0.8769230769230769;32.6;1173;96.45;96.35
2026-02-09 00:00:00;SU;Alcrona Pro;Balzers;2;390;110.21400000000001;11.4;0.8769230769230769;32.6;¯;;
2026-02-10 00:00:00;SU;Alcrona Pro;Balzers;2;390;110.21400000000001;11.4;0.8769230769230769;32.6;1218;97.2;91.8
2026-02-10 00:00:00;SU;Alcrona Evo;Balzers;2;390;110.21400000000001;11.4;0.8769230769230769;32.6;¯;;
2026-02-11 00:00:00;SU;Alcrona Evo;Balzers;2;390;110.21400000000001;11.4;0.8769230769230769;32.6;¯;;
2026-02-12 00:00:00;SU;Alcrona Evo;Balzers;2;390;110.21400000000001;11.4;0.8769230769230769;32.6;2079;95.7;92.75
2026-02-12 00:00:00;SU;Alcrona Evo;Balzers;2;390;110.21400000000001;11.4;0.8769230769230769;32.6;¯;;
2026-02-13 00:00:00;SU;Alcrona Evo;Balzers;2;390;110.21400000000001;11.4;0.8769230769230769;32.6;2217;96.5;93.8
2026-02-13 00:00:00;SU;Alcrona Evo;Balzers;2;390;110.21400000000001;11.4;0.8769230769230769;32.6;¯;;
2026-02-14 00:00:00;SU;Alcrona Evo;Balzers;2;390;110.21400000000001;11.4;0.8769230769230769;32.6;¯;;
2026-02-15 00:00:00;SU;Alcrona Evo;Balzers;2;390;110.21400000000001;11.4;0.8769230769230769;32.6;¯;;
2026-02-16 00:00:00;SU;Alcrona Evo;Balzers;2;390;110.21400000000001;11.4;0.8769230769230769;32.6;¯;;
2026-02-17 00:00:00;SU;Alcrona Evo;Balzers;2;390;110.21400000000001;11.4;0.8769230769230769;32.6;1788;;
2026-02-17 00:00:00;SU;Alcrona Evo;Balzers;2;390;110.21400000000001;11.4;0.8769230769230769;32.6;¯;;
2026-02-18 00:00:00;SU;Alcrona Evo;Balzers;2;390;110.21400000000001;11.4;0.8769230769230769;32.6;¯;;
2026-02-19 00:00:00;SU;Alcrona Evo;Balzers;2;390;110.21400000000001;11.4;0.8769230769230769;32.6;2136;97.0;95.95
2026-02-19 00:00:00;SU;Alcrona Evo;Balzers;2;390;110.21400000000001;11.4;0.8769230769230769;32.6;¯;;
2026-02-20 00:00:00;SU;Alcrona Evo;Balzers;2;390;110.21400000000001;11.4;0.8769230769230769;32.6;2214;;
2026-02-20 00:00:00;SU;Alcrona Pro;Balzers;2;390;110.21400000000001;11.4;0.8769230769230769;32.6;¯;;
2026-02-21 00:00:00;SU;Alcrona Pro;Balzers;2;390;110.21400000000001;11.4;0.8769230769230769;32.6;2010;;
2026-02-21 00:00:00;SU;Alcrona Evo;Balzers;2;390;110.21400000000001;11.4;0.8769230769230769;32.6;¯;;
2026-02-22 00:00:00;SU;Alcrona Evo;Balzers;2;390;110.21400000000001;11.4;0.8769230769230769;32.6;¯;;
2026-02-23 00:00:00;SU;Alcrona Evo;Balzers;2;390;110.21400000000001;11.4;0.8769230769230769;32.6;3608;95.1;97.35
2026-02-24 00:00:00;SU;Alcrona Evo;Balzers;2;390;110.21400000000001;11.4;0.8769230769230769;32.6;¯;;
2026-02-25 00:00:00;SU;Alcrona Evo;Balzers;2;390;110.21400000000001;11.4;0.8769230769230769;32.6;2139;98.67;96.45
2026-02-26 00:00:00;SU;Alcrona Pro;Balzers;2;390;110.21400000000001;11.4;0.8769230769230769;32.6;1138;96.85;96.45
2026-02-27 00:00:00;SU;Alcrona Evo;Balzers;2;390;110.21400000000001;11.4;0.8769230769230769;32.6;1623;98.95;93.2
2026-03-01 00:00:00;SU;Alcrona Evo;Balzers;2;390;110.21400000000001;11.4;0.8769230769230769;32.6;¯;;
2026-03-02 00:00:00;SU;Alcrona Evo;Balzers;2;390;110.21400000000001;11.4;0.8769230769230769;32.6;633;98.9;93.55
2026-03-02 00:00:00;SU;Alcrona Pro;Balzers;2;390;110.21400000000001;11.4;0.8769230769230769;32.6;1006;100.0;95.2
2026-03-03 00:00:00;SU;Alcrona Evo;Balzers;2;390;110.21400000000001;11.4;0.8769230769230769;32.6;1616;100.0;98.75
2026-03-04 00:00:00;SU;Alcrona Evo;Balzers;2;390;110.21400000000001;11.4;0.8769230769230769;32.6;¯;;
2026-03-05 00:00:00;SU;Alcrona Evo;Balzers;2;390;110.21400000000001;11.4;0.8769230769230769;32.6;1683;97.65;96.75
2026-03-05 00:00:00;SU;Alcrona Pro;Balzers;2;390;110.21400000000001;11.4;0.8769230769230769;32.6;¯;;
2026-03-06 00:00:00;SU;Alcrona Pro;Balzers;2;390;110.21400000000001;11.4;0.8769230769230769;32.6;1950;;
2026-03-06 00:00:00;SU;Alcrona Pro;Balzers;2;390;110.21400000000001;11.4;0.8769230769230769;32.6;¯;;
2026-03-07 00:00:00;SU;Alcrona Pro;Balzers;2;390;110.21400000000001;11.4;0.8769230769230769;32.6;1295;;
2026-03-07 00:00:00;SU;Alcrona Pro;Balzers;2;390;110.21400000000001;11.4;0.8769230769230769;32.6;¯;;
2026-03-08 00:00:00;SU;Alcrona Pro;Balzers;2;390;110.21400000000001;11.4;0.8769230769230769;32.6;¯;;
2026-03-09 00:00:00;SU;Alcrona Pro;Balzers;2;390;110.21400000000001;11.4;0.8769230769230769;32.6;1758;;
2026-03-09 00:00:00;SU;Alcrona Evo;Balzers;2;390;110.21400000000001;11.4;0.8769230769230769;32.6;¯;;
2026-03-10 00:00:00;SU;Alcrona Evo;Balzers;2;390;110.21400000000001;11.4;0.8769230769230769;32.6;1524;97.55;93.0
2026-03-10 00:00:00;SU;Alcrona Evo;Balzers;2;390;110.21400000000001;11.4;0.8769230769230769;32.6;¯;;
2026-03-11 00:00:00;SU;Alcrona Evo;Balzers;2;390;110.21400000000001;11.4;0.8769230769230769;32.6;1624;100.0;97.75
2026-03-11 00:00:00;SU;Alcrona Evo;Balzers;2;390;110.21400000000001;11.4;0.8769230769230769;32.6;¯;;
2026-03-12 00:00:00;SU;Alcrona Evo;Balzers;2;390;110.21400000000001;11.4;0.8769230769230769;32.6;585;100.0;93.05
2026-03-12 00:00:00;SU;Alcrona Pro;Balzers;2;390;110.21400000000001;11.4;0.8769230769230769;32.6;1140;100.0;94.45
2026-03-13 00:00:00;SU;Alcrona Evo;Balzers;2;390;110.21400000000001;11.4;0.8769230769230769;32.6;¯;;
2026-03-14 00:00:00;SU;Alcrona Evo;Balzers;2;390;110.21400000000001;11.4;0.8769230769230769;32.6;2241;;
2026-03-14 00:00:00;SU;Alcrona Evo;Balzers;2;390;110.21400000000001;11.4;0.8769230769230769;32.6;¯;;
2026-03-15 00:00:00;SU;Alcrona Evo;Balzers;2;390;110.21400000000001;11.4;0.8769230769230769;32.6;¯;;
2026-03-16 00:00:00;SU;Alcrona Evo;Balzers;2;390;110.21400000000001;11.4;0.8769230769230769;32.6;1209;93.6;93.4
2026-03-16 00:00:00;SU;Alcrona Pro;Balzers;2;390;110.21400000000001;11.4;0.8769230769230769;32.6;¯;;
2026-03-17 00:00:00;SU;Alcrona Pro;Balzers;2;390;110.21400000000001;11.4;0.8769230769230769;32.6;1443;;
2026-03-17 00:00:00;SU;Alcrona Evo;Balzers;2;390;110.21400000000001;11.4;0.8769230769230769;32.6;¯;;
2026-03-18 00:00:00;SU;Alcrona Evo;Balzers;2;390;110.21400000000001;11.4;0.8769230769230769;32.6;1032;98.45;88.4
2026-03-19 00:00:00;SU;Alcrona Evo;Balzers;2;390;110.21400000000001;11.4;0.8769230769230769;32.6;771;100.0;97.05
2026-03-20 00:00:00;SU;Alcrona Pro;Balzers;2;390;110.21400000000001;11.4;0.8769230769230769;32.6;¯;;
2026-03-21 00:00:00;SU;Alcrona Pro;Balzers;2;390;110.21400000000001;11.4;0.8769230769230769;32.6;1179;98.4;95.1
2026-03-21 00:00:00;SU;Alcrona Evo;Balzers;2;390;110.21400000000001;11.4;0.8769230769230769;32.6;¯;;
2026-03-21 00:00:00;SU;Alcrona Evo;Balzers;2;390;110.21400000000001;11.4;0.8769230769230769;32.6;1476;97.75;93.85
2026-03-23 00:00:00;SU;Alcrona Evo;Balzers;2;390;110.21400000000001;11.4;0.8769230769230769;32.6;¯;;
2026-03-24 00:00:00;SU;Alcrona Evo;Balzers;2;390;110.21400000000001;11.4;0.8769230769230769;32.6;1635;100.0;98.05
2026-03-24 00:00:00;SU;Alcrona Evo;Balzers;2;390;110.21400000000001;11.4;0.8769230769230769;32.6;¯;;
2026-03-25 00:00:00;SU;Alcrona Evo;Balzers;2;390;110.21400000000001;11.4;0.8769230769230769;32.6;1104;98.9;93.35
2026-03-25 00:00:00;SU;Alcrona Pro;Balzers;2;390;110.21400000000001;11.4;0.8769230769230769;32.6;;;
2026-03-26 00:00:00;SU;Alcrona Pro;Balzers;2;390;110.21400000000001;11.4;0.8769230769230769;32.6;1503;100.0;98.3
2026-03-26 00:00:00;SU;Alcrona Pro;Balzers;2;390;110.21400000000001;11.4;0.8769230769230769;32.6;¯;;
2026-03-27 00:00:00;SU;Alcrona Pro;Balzers;2;390;110.21400000000001;11.4;0.8769230769230769;32.6;1677;92.75;88.85
2026-03-27 00:00:00;SU;Alcrona Pro;Balzers;2;390;110.21400000000001;11.4;0.8769230769230769;32.6;¯;;
2026-03-28 00:00:00;SU;Alcrona Pro;Balzers;2;390;110.21400000000001;11.4;0.8769230769230769;32.6;1000;100.0;95.45
2026-03-30 00:00:00;SU;Alcrona Pro;Balzers;2;390;110.21400000000001;11.4;0.8769230769230769;32.6;¯;;
2026-03-31 00:00:00;SU;Alcrona Pro;Balzers;2;390;110.21400000000001;11.4;0.8769230769230769;32.6;2043;97.35;95.75
2026-03-31 00:00:00;SU;Alcrona Evo;Balzers;2;390;110.21400000000001;11.4;0.8769230769230769;32.6;¯;;
2026-04-01 00:00:00;SU;Alcrona Evo;Balzers;\;390;110.21400000000001;11.4;0.8769230769230769;32.6;1713;98.85;100.0
2026-04-01 00:00:00;SU;Alcrona Evo;Balzers;2;390;110.214;11.4;0.8769230769230769;32.6;¯;;
2026-04-02 00:00:00;SU;Alcrona Evo;Balzers;2;390;110.21400000000001;11.4;0.8769230769230769;32.6;1050;;
2026-04-02 00:00:00;SU;Alcrona Evo;Balzers;2;390;110.21400000000001;11.4;0.8769230769230769;32.6;¯;;
2026-04-03 00:00:00;SU;Alcrona Evo;Balzers;2;390;110.214;11.4;0.8769230769230769;32.6;1680;97.05;92.15
2026-04-04 00:00:00;SU;Alcrona Evo;Balzers;2;390;110.26990214100175;11.4;0.8769230769230769;32.6;477;94.0;94.35
2026-04-06 00:00:00;SU;Alcrona Pro;Balzers;1.5;320;90.47786842338604;11.4;0.8769230769230769;49.6;¯;;
2026-04-07 00:00:00;SU;Alcrona Pro;Balzers;1.5;320;90.47786842338604;11.4;0.8769230769230769;49.6;874;95.2;92.3
2026-04-07 00:00:00;SU;Alcrona Evo;Balzers;1.5;320;90.47786842338604;11.4;0.8769230769230769;49.6;¯;;
2026-04-08 00:00:00;SU;Alcrona Evo;Balzers;1.5;320;90.47786842338604;11.4;0.8769230769230769;49.6;1515;94.45;
2026-04-08 00:00:00;SU;Alcrona Pro;Balzers;2;390;110.26990214100175;11.4;0.8769230769230769;32.6;¯;;
2026-04-09 00:00:00;SU;Alcrona Pro;Balzers;2;390;110.26990214100175;11.4;0.8769230769230769;32.6;2000;94.0;89.95
2026-04-09 00:00:00;SU;Alcrona Pro;Balzers;2;510;144.1991027997715;11.4;0.8769230769230769;25.766666666666666;¯;;
2026-04-10 00:00:00;SU;Alcrona Pro;Balzers;2;510;144.1991027997715;11.4;0.8769230769230769;25.766666666666666;¯;;
2026-04-11 00:00:00;SU;Alcrona Pro;Balzers;2;510;144.1991027997715;11.4;0.8769230769230769;25.766666666666666;1404;;
2026-04-11 00:00:00;SU;Alcrona Evo;Balzers;2;510;144.1991027997715;11.4;0.8769230769230769;25.766666666666666;¯;;
2026-04-12 00:00:00;SU;Alcrona Evo;Balzers;2;510;144.1991027997715;11.4;0.8769230769230769;25.766666666666666;1814;;
2026-04-12 00:00:00;SU;Alcrona Pro;Balzers;2;510;144.1991027997715;11.4;0.8769230769230769;25.766666666666666;¯;;
2026-04-13 00:00:00;SU;Alcrona Pro;Balzers;2;510;144.1991027997715;11.4;0.8769230769230769;25.766666666666666;1959;98.55;94.95
2026-04-13 00:00:00;SU;Alcrona Evo;Balzers;2;510;144.1991027997715;11.4;0.8769230769230769;25.766666666666666;282;100.0;100.0
2026-04-14 00:00:00;SU;Alcrona Pro;Balzers;1.75;350;98.96016858807847;11.4;0.8769230769230769;40;531;;
2026-04-14 00:00:00;SU;Alcrona Evo;Balzers;1.75;350;98.96016858807847;11.4;0.8769230769230769;40;¯;;
2026-04-15 00:00:00;SU;Alcrona Evo;Balzers;1.75;350;98.96016858807847;11.4;0.8769230769230769;40;930;;
2026-04-15 00:00:00;SU;Alcrona Evo;Balzers;1.75;350;98.96016858807847;11.4;0.8769230769230769;40;¯;;
2026-04-16 00:00:00;SU;Alcrona Evo;Balzers;1.75;350;98.96016858807847;11.4;0.8769230769230769;40;1776;97.15;95.5
2026-04-16 00:00:00;SU;Alcrona Evo;Balzers;1.75;350;98.96016858807847;11.4;0.8769230769230769;40;¯;;
2026-04-17 00:00:00;SU;Alcrona Evo;Balzers;2;510;144.1991027997715;11.4;0.8769230769230769;25.8;1605;95.5;92.65
2026-04-18 00:00:00;SU;Alcrona Pro;Balzers;2;510;144.1991027997715;11.4;0.8769230769230769;25.8;1458;95.1;91.55
2026-04-19 00:00:00;SU;Alcrona Pro;Balzers;2;510;144.1991027997715;11.4;0.8769230769230769;25.8;¯;;
2026-04-20 00:00:00;SU;Alcrona Pro;Balzers;2;510;144.1991027997715;11.4;0.8769230769230769;25.8;1329;94.6;90.1
2026-04-21 00:00:00;SU;Alcrona Pro;Balzers;2;510;144.1991027997715;11.4;0.8769230769230769;25.8;1414;94.55;90.75
2026-04-22 00:00:00;SU;Alcrona Pro;Balzers;2;510;144.1991027997715;11.4;0.8769230769230769;25.8;741;96.6;94.8
2026-04-22 00:00:00;SU;Alcrona Evo;Balzers;2;510;144.1991027997715;11.4;0.8769230769230769;25.8;¯;;
2026-04-23 00:00:00;SU;Alcrona Evo;Balzers;2;510;144.1991027997715;11.4;0.8769230769230769;25.8;738;97.05;95.8
2026-04-24 00:00:00;SU;Alcrona Evo;Balzers;2;510;144.1991027997715;11.4;0.8769230769230769;25.8;¯;;
2026-04-25 00:00:00;SU;Alcrona Evo;Balzers;2;510;144.1991027997715;11.4;0.8769230769230769;25.8;1203;93.4;87.8
2026-04-25 00:00:00;SU;Alcrona Evo;Balzers;2;510;144.1991027997715;11.4;0.8769230769230769;25.8;981;94.0;90.3
2026-04-26 00:00:00;SU;Alcrona Pro;Balzers;2;510;144.1991027997715;11.4;0.8769230769230769;25.8;942;93.2;90.8
2026-04-27 00:00:00;SU;Alcrona Evo;Balzers;2;510;144.1991027997715;11.4;0.8769230769230769;25.8;906;96.6;94.6
2026-04-28 00:00:00;SU;Alcrona Pro;Balzers;2;510;144.1991027997715;11.4;0.8769230769230769;25.8;735;95.5;94.6
2026-04-29 00:00:00;SU;Alcrona Pro;Balzers;2;510;144.1991027997715;11.4;0.8769230769230769;25.8;975;100.0;100.0
2026-04-29 00:00:00;SU;Alcrona Evo;Balzers;2;510;144.1991027997715;11.4;0.8769230769230769;25.8;687;95.9;94.98
2026-04-29 00:00:00;SU;Alcrona Evo;Balzers;1.75;350;98.96016858807847;11.4;0.8769230769230769;40;480;94.25;90.9
2026-04-29 00:00:00;SU;Alcrona Evo;Balzers;1.75;350;98.96016858807847;11.4;0.8769230769230769;40;¯;;
2026-04-30 00:00:00;SU;Alcrona Evo;Balzers;1.75;350;98.96016858807847;11.4;0.8769230769230769;40;1062;93.6;92.05
2026-04-30 00:00:00;SU;Alcrona Pro;Balzers;1.75;350;98.96016858807847;11.4;0.8769230769230769;40;¯;;
2026-05-02 00:00:00;SU;Alcrona Pro;Balzers;1.75;350;98.96016858807847;11.4;0.8769230769230769;40;696;;
2026-05-02 00:00:00;SU;Alcrona Pro;Balzers;1.75;350;98.96016858807847;11.4;0.8769230769230769;40;¯;;
2026-05-04 00:00:00;SU;Alcrona Pro;Balzers;1.75;350;98.96016858807847;11.4;0.8769230769230769;40;1641;;
2026-05-05 00:00:00;SU;Alcrona Pro;Balzers;1.75;350;98.96016858807847;11.4;0.8769230769230769;40;348;;
2026-05-05 00:00:00;OSG;;;1.75;350;98.96016858807847;11.4;0.8769230769230769;40;75;;
2026-05-05 00:00:00;OSG;;;1.75;350;98.96016858807847;11.4;0.8769230769230769;40;33;;
2026-05-05 00:00:00;SU;Alcrona Pro;Balzers;1.75;350;98.96016858807847;11.4;0.8769230769230769;40;¯;;
2026-05-06 00:00:00;SU;Alcrona Pro;Balzers;1.75;350;98.96016858807847;11.4;0.8769230769230769;40;1508;95.0;93.9
2026-05-06 00:00:00;SU;Alcrona Pro;Balzers;1.75;350;98.96016858807847;11.4;0.8769230769230769;40;¯;;
2026-05-07 00:00:00;SU;Alcrona Pro;Balzers;1.75;350;98.96016858807847;11.4;0.8769230769230769;40;¯;;
2026-05-08 00:00:00;SU;Alcrona Pro;Balzers;1.75;350;98.96016858807847;11.4;0.8769230769230769;40;¯;;
2026-05-09 00:00:00;SU;Alcrona Pro;Balzers;1.75;350;98.96016858807847;11.4;0.8769230769230769;40;1260;92.25;88.2
2026-05-09 00:00:00;SU;Alcrona Pro;Balzers;1.75;350;98.96016858807847;11.4;0.8769230769230769;40;¯;;
2026-05-11 00:00:00;SU;Alcrona Pro;Balzers;2;510;144.1991027997715;11.4;0.8769230769230769;25.8;1383;94.5;91.55
2026-05-12 00:00:00;SU;Alcrona Pro;Balzers;2;510;144.1991027997715;11.4;0.8769230769230769;25.8;1590;93.05;90.8
2026-05-12 00:00:00;SU;Alcrona Pro;Balzers;2;510;144.1991027997715;11.4;0.8769230769230769;25.8;804;;
2026-05-13 00:00:00;SU;Alcrona Pro;Balzers;2;510;144.1991027997715;11.4;0.8769230769230769;25.8;1608;93.75;93.45
2026-05-14 00:00:00;SU;Alcrona Pro;Balzers;2;510;144.1991027997715;11.4;0.8769230769230769;25.8;1626;;
2026-05-14 00:00:00;SU;Alcrona Pro;Balzers;2;510;144.1991027997715;11.4;0.8769230769230769;25.8;¯;;
2026-05-15 00:00:00;SU;Alcrona Pro;Balzers;2;510;144.1991027997715;11.4;0.8769230769230769;25.8;1047;;
2026-05-15 00:00:00;SU;Alcrona Pro;Balzers;2;510;144.1991027997715;11.4;0.8769230769230769;25.8;1239;;
2026-05-16 00:00:00;SU;Alcrona Pro;Balzers;2;510;144.1991027997715;11.4;0.8769230769230769;25.8;1443;95.9;90.85
2026-05-17 00:00:00;SU;Alcrona Pro;Balzers;2;510;144.1991027997715;11.4;0.8769230769230769;25.8;¯;;
2026-05-18 00:00:00;SU;Alcrona Pro;Balzers;2;510;144.1991027997715;11.4;0.8769230769230769;25.8;1587;95.4;91.15
2026-05-18 00:00:00;SU;Alcrona Pro;Balzers;2;510;144.1991027997715;11.4;0.8769230769230769;25.8;1047;93.75;89.95
2026-05-19 00:00:00;SU;Alcrona Pro;Balzers;2;510;144.1991027997715;11.4;0.8769230769230769;25.8;1632;93.5;87.8
2026-05-20 00:00:00;SU;Alcrona Pro;Balzers;2;510;144.1991027997715;11.4;0.8769230769230769;25.8;1209;94.4;86.5
2026-05-21 00:00:00;SU;Alcrona Pro;Balzers;2;510;144.1991027997715;11.4;0.8769230769230769;25.8;1614;;
2026-05-21 00:00:00;SU;Alcrona Pro;Balzers;2;510;144.1991027997715;11.4;0.8769230769230769;25.8;¯;;
2026-05-22 00:00:00;SU;Alcrona Pro;Balzers;2;510;144.1991027997715;11.4;0.8769230769230769;25.8;1995;;
2026-05-22 00:00:00;SU;Alcrona Pro;Balzers;2;510;144.1991027997715;11.4;0.8769230769230769;25.8;¯;;
2026-05-23 00:00:00;SU;Alcrona Pro;Balzers;2;510;144.1991027997715;11.4;0.8769230769230769;25.8;1920;;
2026-05-23 00:00:00;SU;Alcrona Pro;Balzers;2;510;144.1991027997715;11.4;0.8769230769230769;25.8;¯;;
2026-05-24 00:00:00;SU;Alcrona Pro;Balzers;2;510;144.1991027997715;11.4;0.8769230769230769;25.8;2062;;
2026-05-25 00:00:00;SU;Alcrona Pro;Balzers;2;510;144.1991027997715;11.4;0.8769230769230769;25.8;831;;
2026-05-25 00:00:00;SU;Alcrona Pro;Balzers;2;510;144.1991027997715;11.4;0.8769230769230769;25.8;1470;92.55;89.7
2026-05-26 00:00:00;SU;Alcrona Pro;Balzers;2;510;144.1991027997715;10;0.6666666666666666;25.8;1471;91.5;
2026-05-27 00:00:00;SU;Alcrona Pro;Balzers;2;510;144.1991027997715;10;0.6666666666666666;26.8;1590;;
2026-05-28 00:00:00;SU;Alcrona Pro;Balzers;2;510;144.1991027997715;10;0.6666666666666666;26.8;810;;
2026-05-28 00:00:00;SU;Alcrona Pro;Balzers;2;510;144.1991027997715;10;0.6666666666666666;27.8;1447;93.45;92.15
2026-05-29 00:00:00;SU;Alcrona Pro;Balzers;2;510;144.1991027997715;10;0.6666666666666666;27.8;1173;;
2026-05-30 00:00:00;SU;Alcrona Pro;Balzers;2;510;144.1991027997715;10;0.6666666666666666;27.8;¯;;
2026-06-01 00:00:00;SU;Alcrona Pro;Balzers;2;510;144.1991027997715;10;0.6666666666666666;27.8;1566;;
2026-06-01 00:00:00;SU;Alcrona Pro;Balzers;2;510;144.1991027997715;10;0.6666666666666666;27.8;1050;;
2026-06-02 00:00:00;SU;Alcrona Pro;Balzers;2;510;144.1991027997715;10;0.6666666666666666;27.8;1008;;
2026-06-02 00:00:00;SU;Alcrona Pro;Balzers;2;510;144.1991027997715;10;0.6666666666666666;27.8;¯;;
2026-06-03 00:00:00;SU;Alcrona Pro;Balzers;2;510;144.1991027997715;10;0.6666666666666666;27.8;¯;;
2026-06-04 00:00:00;SU;Alcrona Pro;Balzers;2;510;144.1991027997715;10;0.6666666666666666;27.8;¯;;
2026-06-05 00:00:00;SU;Alcrona Pro;Balzers;2;510;144.1991027997715;10;0.6666666666666666;27.8;990;;
